,,二级分类,报告期,number,总资产(亿元),货币资产(亿元),净资产(亿元),总债务(亿元),带息债务(亿元),净债务(亿元),经营活动现金流(亿元),投资活动现金流(亿元),筹资活动现金流(亿元),主营业务收入(亿元),主营业务利润(亿元),净利润(亿元),主营业务利润率(%),主营业务收入增长率(%),总资产报酬率(%),净资产回报率(%),流动比率,速动比率,存货周转率,资产负债率,短期债务/总债务,带息债务/总投入资本,货币资金/短期债务,货币资金/总债务
0,0,个人电子,2003-12-31,4,180.28141129438848,17.032449836102547,80.17027233210207,88.00892955481831,55.612779985009446,38.5803301489069,-1.3741632778029222,-3.9630208045004474,7.7178445014684725,190.91577427202515,6.321433255048704,6.10533414224489,2.736711496331065,17.697536983849115,4.674915723013622,12.066757873029688,1.782312533103703,1.1289876675010866,3.3556649015612696,51.80109408735458,94.00411105341634,49.39375715136896,0.570612027492731,0.19241146272141385
1,0,个人电子,2004-12-31,4,245.82553784389518,48.31242700064343,65.24639825005335,153.6227841884085,73.70463920704928,25.392212206405844,-5.95362939747208,-1.348031669995409,35.30977384234267,293.0193472893241,-10.776464511496433,-11.172692978034949,-10.395982365573735,20.74297717756102,-5.614929040860927,-6.8545942114233895,1.578853841683723,0.9906501120854925,4.465330831776332,59.19760780990598,89.23396552931658,53.16452874563437,0.4719624078448205,0.31438417358492426
2,0,互联网,2003-12-31,2,16.11750671860967,4.202713631895921,8.557127410375962,6.8031924377948485,6.179992384933156,1.9772787530372362,0.36439070227475956,-1.2631784490472688,2.173381456969631,7.911124328571325,0.7429391264226235,0.7119556642978218,9.393718522242292,18.725658892123814,5.301298733994703,8.27545627325345,1.5065879324318996,1.2506291835946404,4.348939469283559,42.46925509496808,88.5556748025081,41.38909961356292,0.6958955198991248,0.5947974413409889
3,0,互联网,2004-12-31,2,18.238813268128904,3.5372610012971624,9.111420643801031,8.387023045742236,7.286329458978105,3.749068457680942,0.19608993470794528,-0.6587229171852195,-0.16059529419177548,11.408051631186712,0.6183842062324041,0.6269403765866342,5.76494107295965,44.64575197617581,5.649934266184228,7.987820538549741,1.5415585191964294,1.1478659264549074,4.393671970894082,46.3363769932633,86.54127155980953,43.448199276432526,0.49593161519911244,0.4095503017902817
4,0,交通运输,2003-12-31,58,5858.922185639198,547.1939642586561,3462.0635124147952,2382.6048242515094,1457.5194163235853,910.3254520649291,10.102958185347056,-22.831543862810527,14.927218054360784,1093.6984800333569,279.1496724209134,10.690205388256212,21.701718404707208,10.82927053161555,4.225129458753487,0.6110421326450766,1.0278707550465715,0.9461681869845252,17.0580439524414,47.357602680884916,46.81119279946062,40.93476810052846,0.570992231311098,0.26831159730316884
5,0,交通运输,2004-12-31,69,6303.090747204992,492.6170367048962,3793.5623793111254,2490.172214986307,1525.4605007621358,1032.8426922308554,16.90398928517837,-25.575191115233263,14.30954473916154,1756.064237488051,293.3510699033095,26.71614529424492,18.323811472776477,55.6971311454448,5.643686476318334,6.608944367852393,1.0282235814617415,0.9437866783853055,34.062609177118084,48.18371224736827,46.467576960475235,42.16288097170748,0.51162844443061,0.23533593238530695
6,0,信息技术,2003-12-31,8,54.99464960152199,10.526231867390388,20.997118865890233,29.204211552984876,14.94628804770146,4.4200561803110725,1.3807469256277831,-2.8219144430138323,3.9880508578474205,48.67155684276686,1.198526697890205,0.9904573731875725,-20.94222992226249,15.30014991241701,1.5766172714075668,-12.739675692771758,1.4815630764718186,1.0715593178161393,3.1729365935822105,55.06824424599985,93.39491799999898,42.06508946250282,0.46520344826230164,0.40162131468783535
7,0,信息技术,2004-12-31,9,62.604054328925876,9.270199139249218,20.72321496759302,37.782860851595245,19.673104546847117,10.402905407597906,0.8545908814777787,-5.674448157578959,4.184780005360006,56.348598974319415,1.5037693964012684,1.289560773781947,3.6069023539557215,34.73983048318897,4.67666015162792,4.446552430874741,1.2934505030132482,0.8841816235342084,3.5728397552662137,60.43316544731309,93.886303628111,46.63819127991094,0.39287290359869204,0.32778650369991186
8,0,光伏,2004-12-31,1,0.464539885,0.1460434625,0.3116705396,0.1528693454,0.0,-0.1460434625,0.09218624710000001,-0.03503179,0.025,0.6006795089,0.1643716278,0.1644977172,27.3643,0.0,35.2198,52.7794,2.5858,1.6743,2.8087,32.9077,100.0,0.0,0.955348255844628,0.955348255844628
9,0,公用事业,2003-12-31,65,5129.203155238921,635.4098339938514,1820.1075287978551,3217.8541422940534,2363.411271889846,1728.0014378959943,488.18657772266727,-521.9594865157633,5.457291207458058,2340.957611424343,40.877559758109406,25.11781845523375,8.277634926628709,17.36285775873415,4.0845297905223985,2.8476811987152053,1.0474827976835162,0.9895480847869342,31.23597391863827,59.50913017655209,41.39591369751196,57.77554949473237,0.578217507022065,0.2067375727230367
10,0,公用事业,2004-12-31,74,4979.1748637685205,560.6342516749456,1733.212119843294,3147.01905143603,2272.2401241366115,1711.605872461666,471.51493131072226,-485.15256391886385,8.332229479638189,2560.6193836214875,48.398256467646405,38.060107693664,9.386941054200179,33.05543892389257,4.284397130441583,3.766464980675422,0.8985763835153767,0.838225185791616,31.553849526678782,60.88794418751953,42.59326032350257,59.58393751666539,0.48830803113505145,0.16927731395821252
11,0,军工卫星,2003-12-31,2,17.87643413865533,2.004111001828269,11.410580458804919,6.366914065951962,4.0284867650958445,2.0243757632675754,-0.6639076362392774,1.621759199395767,-1.6564771654365709,13.842882069327674,1.0013506177916314,0.9918276923636449,7.573895818225528,5.822144924626101,7.168876205568171,11.471856020553588,1.2580532205360122,1.030430355367208,8.46672853215932,36.39041526431665,96.56944263937291,26.30111921507207,0.5343929324034733,0.30720168851110696
12,0,军工卫星,2004-12-31,3,983.9156367508567,166.9454672334755,296.2696319504212,644.4297392441799,322.5409463974012,155.59547916392566,26.950100933916442,-43.17419350120366,28.435506942181203,623.7676518885626,13.82859421887733,12.886278051794502,2.6097316167598987,0.6999499959142681,0.41549626108077686,0.5932713136564425,1.1637182682645761,0.8711113743158223,0.2814844417691767,64.55281221682681,75.01164845428613,51.30010635420058,0.396395193480864,0.26933488952962004
13,0,农业,2003-12-31,11,39.94663902972802,6.042700001059888,19.77796660240955,19.280048550443528,15.923346797482788,9.880646796422898,3.260839477783077,-1.9174335579407442,-1.0181062135835444,15.75934754236946,2.7764407707060874,2.7975361339127742,15.0108999853117,26.934643062495457,5.394554382648916,8.391668095559776,1.3236145057920639,0.8886363245737666,2.626626274172303,47.823219879531806,85.56969506503893,44.64169619047105,0.41849664346100224,0.3352362769517671
14,0,农业,2004-12-31,12,47.12001154101745,5.9984066191879855,22.881058744291337,22.896746009196363,19.86517892236003,13.866772303172041,2.7097521087730287,-6.142720215996615,3.7148302622652136,21.334369546826775,2.9050348279856806,2.9079798339996503,11.6863909725733,32.20742260353755,7.807698919051643,12.114766110141126,1.2386539979089513,0.753378416058198,3.392744844027052,46.32514991404509,90.06180829804059,43.988100269829566,0.38221897958817114,0.30048277636542586
15,0,动力电池,2003-12-31,2,2.696563971126125,0.29974936476760244,0.9359069293648381,1.7443663263171203,0.8106485083548927,0.5108991435872903,0.4370722045831983,0.018810625384989718,-0.3283589510557575,1.4242851330214217,0.013918997745838269,0.12115677317712076,-0.047490361414192606,-43.126116581470235,3.0708754706351584,6.006091582493461,0.9011966444670978,0.795174149630805,6.3631056671005135,62.46855993287616,99.97095308850443,44.58955354244002,0.26366715410646213,0.2530017318961003
16,0,动力电池,2004-12-31,2,2.710880643000706,0.5418335267232894,1.0815315705111086,1.6056196417471955,0.8049171362998107,0.2630836095765213,0.3204254021150933,-0.17182871706786734,0.06421983462134312,1.7090279918865856,0.19894599651831976,0.16326197552244576,11.3593133213658,18.130509909773572,9.6033510805671,16.680684138587807,1.2599270760615628,1.1200360274177776,9.211864354136335,59.003440138890646,99.48112989291657,42.445804733291794,0.3907709891558116,0.36534496596048194
17,0,化工,2003-12-31,52,64.90890095268934,8.256721661666957,21.827993535327522,38.2639456633867,26.86973184893473,18.61301018726778,2.1771621652197766,-5.758848661202077,5.892193385353084,33.10529692395574,1.1202337495296975,1.2551486843712139,6.201311877580728,29.09089711281922,4.997181276515843,5.982218159342908,1.1292901790524335,0.8748922516088649,3.854127731404262,54.575337028719,73.5491982574493,51.62642170309743,0.48410500378207566,0.2745513069454318
18,0,化工,2004-12-31,57,98.75498944279161,11.817020573751613,26.402516332369405,63.89890217651857,46.043480384874336,34.22645981112272,4.5449752081730805,-8.76083445624561,7.772151592969631,67.9690112152156,2.394507011843623,2.4720383877546874,6.246230064141538,58.423675167861454,7.098999562164231,8.954654273283252,1.064988820670492,0.7762972119248802,6.481241066010641,57.596054312456715,74.3627308236931,54.963610293163455,0.41273837330443547,0.24351585179335128
19,0,医疗,2003-12-31,1,2.4051923890999998,0.6373565742,1.086570563,0.9537347608,0.17556313829999998,-0.46179343590000005,0.0,0.0,0.0,4.4692713096,0.28740666870000003,0.23087738219999998,6.4307,33.3347,12.7764,19.4734,1.5243,1.1465,17.54,39.6532,98.7758,13.91,0.6765567914507328,0.6682744515523168
20,0,医疗,2004-12-31,1,2.7653623445999997,0.5805343225,1.2502652928,1.2472678375,0.3286044654,-0.2519298571,0.42068867590000003,-0.37984893729999997,-0.09756343029999999,5.636588477,0.2827624266,0.22476587969999998,5.0166,26.1187,10.762,17.563,1.2447,0.972,14.25,45.1032,99.0639,20.8126,0.4704508726148453,0.46544479465101257
21,0,医药,2003-12-31,37,71.0129052192966,8.701787578606822,19.868279455956745,43.5535725680024,28.272572562252922,19.570784983646096,1.527512969929484,-4.363408162813509,1.6664749496605895,65.49700151659627,2.7962521627009704,2.3209757407957134,6.669857841792654,24.729706734686104,6.2429310985179765,8.487864493623398,1.2502653093963536,0.9340134923761862,3.2176483402951757,56.92121885903708,90.47976345988762,52.42350130045029,0.38376915364435005,0.2910769872771125
22,0,医药,2004-12-31,41,77.51042729371069,8.455376803195447,20.042592065397063,48.521384436664036,32.540917814289124,24.085541011093678,1.7685403169784124,-4.898261953262498,3.3163438197556383,71.67838227499148,2.0238774550132783,1.8319014096493478,4.182858640497882,13.619281258140592,5.14905505896637,6.415965979565688,1.237867594323795,0.9297296555493867,4.625351248284278,57.519644980419415,90.53847043597072,54.69466534262892,0.3902584253216168,0.2828069010020319
23,0,合金材料,2003-12-31,1,20.025110786099997,4.4284870908,11.7505868443,7.272037915199999,3.6033682677999996,-0.825118823,0.35796337850000004,-2.6922410180000003,0.376994472,7.655138299600001,0.8803362309,0.8646095562,11.4999,48.3049,4.9738,7.1936,1.8634,1.5073,3.3355,36.3146,93.7328,23.4687,0.9989439474867448,0.6089746976626159
24,0,合金材料,2004-12-31,1,22.744745426999998,3.2071500181,12.1797996885,9.4826771195,5.0304788531,1.823328835,0.10351377960000001,-2.1578678062,0.8330169539,12.026074248499999,1.0939611833,0.9580310431,9.0966,57.0981,5.4471,7.0154,1.5136,1.1176,3.283,41.6917,95.7338,29.2295,0.5783893972950773,0.33821145417941906
25,0,商务服务,2003-12-31,1,50.1883376,7.9662741,9.7410629,38.884481,22.6015061,14.635232,-0.6176905,0.5915904,1.4739306,69.9505995,0.9603983,0.9312014,1.373,45.3118,3.5391,7.7008,1.0466,0.9032,11.1363,77.4771,98.5123,69.8816,0.2333664737481413,0.2048702694527413
26,0,商务服务,2004-12-31,1,45.3707742,14.5521541,15.1207422,27.5422238,10.3368265,-4.2153276,6.2482098,-0.7018957,1.0444803,82.4118719,1.5178469,1.3486444,1.8418,17.8144,3.5281,8.5033,1.2962,1.2196,19.7572,60.7048,96.5229,40.6041,0.5974775481789846,0.5283579933730697
27,0,园区开发,2003-12-31,12,71.17443199285844,11.449354885209694,22.613448538401187,42.8081945233682,34.14268725299029,22.693332367780602,2.404203229688605,-3.222677285606789,3.117066089773505,11.533415246735872,1.9108971199246958,1.8647346148386834,13.957994743740585,24.000818496440857,3.883674119840613,5.271166034309957,2.0566556672429077,0.8405382611795218,0.29820267785081095,56.70567022540772,79.31134029725216,52.58394007537512,0.4772011609113824,0.33866740479896096
28,0,园区开发,2004-12-31,13,87.29873913989013,10.882128556858804,25.064820099809058,54.171045113820554,44.369636639093784,33.48750808223498,-1.6882142509717635,-3.1129178405381337,4.914269462465828,13.247446742168792,1.6239909378958988,2.01553353005782,12.644260161840029,16.684173877839207,3.594954608723652,4.267375145573629,1.7399836882083515,0.7515268214606258,0.33719048455984546,58.69622969965741,76.84314096876264,57.16164679371073,0.35515115194984787,0.2892742399116511
29,0,城投,2003-12-31,10,153.3022339466345,16.264325894956155,60.942852650309746,89.03870542153808,80.80272476469156,64.5383988697354,0.8172052866905369,-24.427736469214008,23.70839766856629,6.395132361058597,-0.031769598258826415,1.1129008626834038,-133.77903352419207,33.477386657810655,0.7100865368520577,1.0024570279255367,2.0396354819857185,1.7619834015325027,2.5861341995088925,56.41825834095983,33.687477103204024,54.56718056468967,0.809068645659288,0.22173177227395746
30,0,城投,2004-12-31,17,226.45965059439843,20.86132357265516,79.86062489133124,143.2833626300135,122.14279758805272,101.28147401539755,7.947726261750472,-44.75355611083385,40.04299876663204,10.617999816460333,-0.17971444523573593,0.9459535152209944,8.998318837166359,101.14926804548925,0.6429876346094682,0.9751308030464785,1.869747281173125,1.476001779863908,2.8637134017152395,62.284213726224166,31.3225370213791,59.84484502454913,0.8458031321498103,0.1596970609494254
31,0,大数据,2003-12-31,1,28.843900694200002,8.155204982599999,10.6187558603,16.766723553,13.6019292751,5.4467242925,0.37612474020000003,-1.9392097404,2.4187879463,29.133379752899998,0.6401883909,0.6502471929,2.1974,45.7726,4.1444,5.4797,1.3058,0.997,5.7522,58.1292,97.8707,56.1583,0.5341395058847457,0.4863922851009745
32,0,大数据,2004-12-31,1,34.3007883968,10.579766291799999,11.192387513800002,20.2531832785,15.0151025281,4.4353362362999995,0.39519851729999994,0.2867487915,2.1892750099000002,35.474070813000004,0.7224589393,0.8568350988,2.0366,21.7644,4.6455,7.4389,1.4237,1.1536,6.0145,59.0458,99.8635,57.2932,0.5921530695511076,0.522375477786303
33,0,家具家居,2003-12-31,2,16.473282961084774,1.9988248241978406,7.804641583328841,7.5028148459124715,5.812810379909511,3.8139855557116715,0.5993230105524923,-1.8044698923891351,1.6119323367076952,13.308748830386458,1.1789341703310623,0.7459045097236001,9.882454824442732,81.10114771908543,10.159165209186586,11.572564117318299,1.2109752568223837,0.8609493454821455,5.026690865555726,47.09527668985996,90.2225903194027,44.06367482836049,0.3391759875229222,0.25117153463107794
34,0,家具家居,2004-12-31,2,19.281199707316713,3.1035251655262925,9.189762546786113,8.85134352650099,6.8952348683345335,3.791709702808241,0.6535257386105144,-1.8044720562107186,2.406800471591893,14.494728968001356,1.218594025473558,0.9107783570946099,9.505196977924813,17.722809286520096,9.103640823950192,9.057701031946703,1.5603782278578715,1.1444078977940566,3.9637655903253783,43.85925335262749,91.96191009164099,40.94137848044598,0.5280980209717102,0.47370355974316447
35,0,家电,2003-12-31,4,28.865955509321687,6.2271229182383765,8.213988588124321,20.320398963025276,17.031067746532216,10.80394482829384,1.2244003558877237,0.23710032198056952,-0.0161110568622731,14.33683428042871,0.9573748634881042,0.9000321049146471,7.5164968969857116,20.519456339684076,6.7765206215776,19.00055981753473,1.0956534426366187,0.8131099515037865,2.9959988778138964,68.60278222866611,86.43164190964885,64.8178234779547,0.40517675946603754,0.3349288615847976
36,0,家电,2004-12-31,5,83.01116023289855,9.556122483900365,8.812961152530047,56.72228253153543,25.085258982468066,15.529136498567702,8.1598759291038,-9.992984207527863,1.6093115983781132,120.17193343566952,3.986070060361314,3.1327660748275172,2.6205285864886343,35.303309596902864,5.673127609935319,7.085730473379209,1.0288214040417807,0.6566607640186772,1.4821332217328176,67.40390830198334,98.86577450200579,71.06532197684382,0.2802595446253915,0.23918198376968386
37,0,建材,2003-12-31,21,58.03286876025185,7.747769785517882,21.177848813336666,33.06540794715525,25.67996396893581,17.932194183417927,7.337487204404386,-10.100097847089536,6.656009657705582,23.03273371900977,4.533680330921769,3.467769022608287,12.775789130546109,42.3717252267509,8.363866053155643,9.8900883862372,0.9968922177773014,0.7629789392642408,5.163300872531446,53.82515144626473,69.33954276232377,51.56590284022901,0.4740718213764921,0.26601198013093075
38,0,建材,2004-12-31,24,71.63699839998661,8.193002757090216,22.33019658617162,43.75438156874596,31.652971598957087,23.45996884186687,5.153957026653159,-8.892963371612709,2.836542198211319,36.54202099967406,4.447812484710239,3.9032727157583946,8.577476775175278,36.243798690063436,6.8081258634016315,7.44544976876381,0.8715667922812511,0.6373574503494939,4.926344187243768,59.379502096347714,70.63440770453694,57.838600483670845,0.33859709073382405,0.19417936260897697
39,0,建筑业,2003-12-31,24,439.66613382047404,68.50878599101527,61.880038422875586,353.5210130110451,218.3512969374534,149.84251094643813,20.08654963595862,-10.90414922847113,1.1170710137740347,425.39515500695023,5.556133155292246,4.272083898464669,1.3062164147906177,27.579975548081624,1.8525760705751881,4.313804004554841,1.07575796888483,0.8499807484822965,4.109796633553315,79.56481467134552,90.77425042946751,69.34283797941498,0.2431684870659679,0.20983385381122444
40,0,建筑业,2004-12-31,29,589.7998321460622,91.4570594714223,45.18363301332759,519.9387593960054,226.21184630094524,134.75478682952294,11.046452984461675,-25.72505816656675,22.630244827966706,621.772178147453,8.054503177959116,5.092994127186233,1.4077419040664272,27.26474763392519,2.175213007355968,8.79787434089387,1.031744382371112,0.817753369050631,7.813894322108085,85.84465356889076,86.53446714033215,78.96645745244523,0.2284987625975501,0.18879813984809388
41,0,房地产,2003-12-31,64,40.86502706331794,4.9546073598886515,15.314170399066986,24.41951182720138,16.114100403711127,11.159493043822474,-1.1595268123754343,-1.1029637869653952,2.4274449332877923,17.765750159179017,1.569314544751277,1.1447325630589866,8.907414830901413,25.226967484659767,4.581677879775716,5.992891098780147,1.515680776265241,0.6507677682942067,2.3969023509403895,59.49887755510653,83.89100945538922,52.609994848465675,0.33016055223411567,0.2595142845225627
42,0,房地产,2004-12-31,69,48.798648058774695,7.307881260109311,17.816256744605816,29.730754759032497,18.31885961857875,11.01097835846944,1.0836735084307267,-1.5457562351953222,2.9695698454290067,21.191283491067903,2.1702809154014706,1.5423852841627632,8.149574141000082,31.191898853889285,4.410123390374959,4.896682332187215,1.530792737668741,0.6654298689548996,2.1741792187878652,61.66779536202298,82.67587480854166,53.77030470296945,0.3398285824996267,0.2718796995047816
43,0,投资管理,2003-12-31,51,548.8736347888384,61.03029372531249,165.23390229889495,335.73035239159066,262.23908172091564,201.20878799560313,12.857634231791717,-38.42926104495457,34.55058664790108,122.84669706806396,8.59162979552936,7.78457882727159,8.625367263369604,22.24829277221319,3.3326024443411475,3.46446398120854,1.2569817365458658,0.9779864260798627,2.9291504897629053,56.90784340680949,55.455249480175084,56.73766442217005,0.5197712859485757,0.23061040545291978
44,0,投资管理,2004-12-31,65,635.5799512056841,77.89406997129683,187.892743181092,378.4821335476713,297.3356598262579,219.44709776777543,27.46188830494826,-60.60129298151588,45.25273666689778,200.96052742465508,16.16965242852872,14.617548991587313,9.634873842965577,33.83208521102606,3.5266723485426117,4.203135408640276,1.2161093372008445,0.9044279205074125,3.0633591215261626,57.53750635148629,56.7374629157641,58.717093337251576,0.512204550732864,0.22745507138007967
45,0,文化传媒,2003-12-31,9,32.65549934107333,5.78475287908617,15.688180048432217,14.714483264971275,13.708443778992377,7.92369089990621,2.5015716549566216,-3.400067207574329,2.1251484351618526,10.746970835414515,0.4733242800070329,0.7339540792607787,-5.516995844068523,27.965986336757727,4.775683187004329,6.447487612988387,1.4064860738896976,1.3104874218790146,20.88000277295701,47.08264296748815,75.91162657973949,47.425018596334844,0.7266024081381892,0.4976934136981329
46,0,文化传媒,2004-12-31,12,35.20510766577026,7.462569270585082,15.659266902339846,17.70301319842396,15.180652805873681,7.718083535288599,1.3708475771813682,-2.899920605883238,2.8962831812132093,13.845105917271443,0.9378000180902124,0.6798545373283454,5.252668464353164,17.3381818842145,2.1916803180496878,0.14335447772719384,1.6746743997255809,1.4996296523019037,13.507388787214026,49.8162292170071,70.86603939925469,46.34569730326623,1.0189275540476526,0.5134271767738575
47,0,新能源,2003-12-31,2,46.6584135793238,5.055046560010682,26.683397442014105,18.7344404229743,10.00075193466971,4.945705374659028,3.1236843487449026,-4.54264558844209,-2.8455084496199694,33.7531536658504,7.4121799734907405,6.874957416115066,20.333715370787367,74.94565458895265,18.240193603348924,25.545492130698268,1.451780993878157,1.1025955757109263,2.0948195667319958,43.05115686488239,95.97304613199307,28.09642632851826,0.3499371141765407,0.2987983729591509
48,0,新能源,2004-12-31,2,74.19423767953413,6.272970267818431,33.03124225817593,40.60718727454329,31.31839562191107,25.045425354092632,3.555728237602804,-0.7009386447819693,0.21397159112948252,55.624052287119326,8.18127923291504,7.592239191133949,13.917854584780645,59.85186758090083,13.218274984617771,23.34053255989187,0.9879906349361957,0.7015447332314091,3.223290279139162,55.46512368631329,95.81657291051371,47.471290504601185,0.19296999586667546,0.16535539520663203
49,0,旅游,2003-12-31,8,92.55255501867364,7.720567718419515,34.52338413929583,52.476712585666846,42.31247609120846,34.59190837278895,2.4912407873057836,-6.285767856142453,3.945453712080605,41.22123456653578,1.096501709888779,0.9512905624759178,10.92120426133681,-9.260538397865107,3.6404274931801384,3.606057051290145,0.7541546944286617,0.6308818224718861,22.190434664743954,49.642598367557014,82.844980293637,48.17153166822006,0.4145703559750169,0.22069642925401145
50,0,旅游,2004-12-31,10,143.07571601620063,17.59500393863358,37.50290952673135,86.88673544844214,64.06737990355164,46.6251108449588,4.2470261533088145,-6.994270500861922,3.428997003188314,118.36067859068278,5.316193508042534,4.15539913732436,11.241642368343639,49.177096540514654,4.1641507672607645,4.352413965890557,0.995844883267239,0.6786920595906115,8.09079747352028,56.60074737797949,81.98410393634332,58.15989209520047,0.4678655126263549,0.25773748456095025
51,0,日用品,2003-12-31,6,41.16070898732019,4.884488452057407,18.957408545960394,18.812810226373816,17.294059747626235,12.40957129556883,2.6795375776812924,-5.962428511455931,4.289142133329536,16.40644747232706,1.987240993115168,1.6795069820648854,11.004629195266025,19.2297845836666,7.321847960150571,8.784761457065692,1.1654958983000956,0.8241189117680512,3.859488728914164,45.15886787584412,78.23258372297997,45.85162831037847,0.4491840030322087,0.29035219347466534
52,0,日用品,2004-12-31,6,48.48180337664621,3.870135643446194,19.766100896562754,24.846073129837784,22.702397822936312,18.83226217949012,3.2014401321743735,-6.865682825895845,2.545714246579035,19.531921046245177,1.8083730919712353,1.7559132252723124,9.20397628823378,20.41827477588275,6.634523065689425,8.128915444341462,1.047392710933234,0.749046044288142,3.8494246562998233,48.338228673250136,83.23766640634793,48.66899144668754,0.34684275848564006,0.25672792421356483
53,0,有色,2003-12-31,33,128.8830117129544,10.553246033261724,63.778006445048014,61.500610641808066,46.814104669046436,36.260858635784714,17.89964813389922,-17.098704280203354,0.8902543969019424,83.4570454544342,13.70402745297282,10.13513668161178,12.39896042311192,30.196515007408784,7.862215908671905,10.790218661094757,1.0751638035285893,0.611275946887685,2.7296982925396303,50.786624767367314,70.71476855831726,45.95531206229696,0.34343676304680676,0.20617833720092563
54,0,有色,2004-12-31,44,336.58700475980464,45.20402954830823,118.50883880701353,161.00717404951791,106.35912553115472,61.15509598284648,49.35925087997033,-49.130001893452544,22.780765146632103,204.2589918123045,42.17021024081324,31.300476687228375,15.167443092331204,55.91439741695306,11.920468210379008,15.553199742878277,1.1227161473629126,0.737289174825884,3.43510166160386,51.6567135875094,70.0449008275894,49.63493704990238,0.4531139744665655,0.24855335787625255
55,0,机械,2003-12-31,33,69.88678401354868,11.345201631270552,21.87245164331465,42.94600294601833,26.32700524300293,14.98180361173238,7.316049473720756,-3.8064854121634557,0.6600791560035998,49.977629843179834,3.035150404744487,2.3763194385311937,6.50200308909353,45.030960287031505,6.430102589296217,9.479686771519749,1.3188145892380778,0.8867184570722417,3.2677778931482373,56.52755662019994,90.92767620762504,46.69071361663063,0.39671545941618347,0.26830221208154537
56,0,机械,2004-12-31,35,102.23751820783878,20.109202367886223,29.002031044043033,65.37293608978327,38.362298334940796,18.253095967054573,8.400302653396471,-5.569003629448116,2.3513249470438837,88.34056536161665,6.9406691960127835,5.697846855152807,6.708892300139022,50.534084273676314,8.037965435733144,14.474603497564186,1.2859906769338818,0.8180848140369872,3.6242295832341025,60.140011424917155,90.69797473029438,52.085373523583684,0.3956039184901056,0.28904840655811564
57,0,核电,2003-12-31,2,197.1114755164511,3.112415350028826,17.39725337035796,179.7142221460931,176.3598774189157,173.24746206888688,4.165337953441809,-3.6458557720805684,0.9856588877047642,20.920917138325397,0.9992705746730199,0.6517100204367751,5.5278799172128075,17.335032181511455,4.364673420834091,4.323329277977315,1.7194291578244634,1.4604266974847606,0.0,89.80483531179321,7.287853593830208,89.62408247878253,0.2396211827516952,0.017400930080263256
58,0,核电,2004-12-31,3,424.7834698425786,22.65012642971502,134.8977661541449,289.1997598054361,245.71723280516176,223.0671063754467,47.69087857448128,-2.16495244281903,-36.3357061234322,75.08712774049641,9.78229376460949,13.433853522994443,11.923797446388459,22.899230043142467,6.983856322581015,9.769299026605614,2.3552650906324337,1.8538242750817033,3.475959541292781,72.48434658781879,14.476663375085145,69.3989274529246,1.146956517534165,0.0675862252765986
59,0,汽车,2003-12-31,24,123.19382651791148,29.509613437938317,52.15013289089949,62.07324990031276,34.27471160438239,4.7650981664440755,13.353235389151216,-12.545090462058742,-4.6507894257353515,146.27944877299205,16.056253230944,13.210971759432137,11.528714229129198,26.029257948520204,10.870403037208792,19.698680811255002,1.3387901641401398,0.9688071071890821,5.389489675603579,49.93338056255845,89.89349051488469,38.95456444278472,0.722935052035222,0.44929422515712736
60,0,汽车,2004-12-31,27,372.70752516290986,74.91245087177836,66.70589654698846,267.04735433435513,154.92349940236664,80.0110485305883,20.386155623121955,-20.495035684636594,9.111297039374326,335.6509022855316,7.638837657070507,7.495477096213854,3.7919811461717243,10.957677135784257,4.3273424047400395,8.1859092069718,1.1025963234007758,0.8026538444403039,3.0182063745558327,64.88846985032565,88.1126853835297,60.70643681539726,0.5276955407675079,0.35744513624202134
61,0,港口机场,2003-12-31,20,106.55261987182008,12.159696546067666,52.611654759451405,44.66438338891989,35.763060926382735,23.603364380315057,9.704481083950336,-18.163144536509442,8.098364935936383,20.56584747885781,3.7196942283714884,2.662613691249935,20.23438483212822,8.941953301031496,5.137971839944764,4.736259622318484,1.529144650959775,1.4422303913898247,10.256436868758597,40.84829246015768,55.252157107960954,38.41669095591359,1.0168304892853395,0.44098680645615174
62,0,港口机场,2004-12-31,24,193.00554559874354,22.585607996039364,75.84550818751629,100.52720567509377,80.48479086923905,57.89918287319967,9.657315789808516,-31.391051032869537,25.781332104484584,40.675034219691604,8.064372001392268,5.808811713504821,18.303899233895077,63.13387091905537,6.097106421986711,6.002733643039104,0.909824809260968,0.839631902654979,17.4739241361493,49.80131777247626,57.65492307923376,46.903284209802386,0.4634890005995816,0.22344678845723823
63,0,烟酒,2003-12-31,4,65.8123048843271,7.51008970775494,32.061985961276456,29.03929921899614,21.632565368601295,14.122475660846359,7.9457150380582195,-4.991367957911021,-2.7648141113455953,48.50582873122448,3.1673472886561447,2.3254054348999817,6.561050898569402,12.933910727610751,5.345180516011004,6.529840463329997,1.5690515326338523,0.9421352526792969,2.977115961951756,39.33279282256582,74.79123051564218,35.261494318471414,0.535499504981175,0.3228776032861309
64,0,烟酒,2004-12-31,5,78.34310516911304,8.115668771502492,31.667846885730548,34.38950791024008,26.454315190126977,18.338646418624492,7.450788413271177,-6.300078233229371,-1.0473825967921724,56.417403728445876,3.7393615215008027,2.8446764535667612,6.507065440978744,28.3693612849915,5.247564977139524,6.3826900730077245,1.1981704630053522,0.668852343664178,2.4676053982042467,41.00902417464076,79.03744975147094,42.47838240323185,0.33206646115788696,0.23930445567912878
65,0,煤炭,2003-12-31,32,497.21928252371833,60.197747095055504,128.86575549640708,321.13293398657294,286.27862065712714,226.0808735620717,65.65108457678345,-41.91159364622189,4.636341952109065,156.50622712166856,14.920173783436976,11.21057628525172,8.06261867351494,21.130261428752377,4.357860513758126,4.830576716764618,1.0995279984063109,0.948589430734229,6.275925788790646,58.74328145077226,55.54227663576493,57.710161552411975,0.5628886442779328,0.2543841194246378
66,0,煤炭,2004-12-31,40,644.0085712926625,67.25182633227624,175.69823289612114,398.4668554878638,330.5114391166145,263.2597793776799,103.1556842655878,-87.42614399201628,0.912809565660327,230.92665243386924,56.23781753173076,42.338588097475125,17.727912376892423,39.933209964803815,8.105426699425214,14.311666020825653,0.9468441249276435,0.8130164960828582,6.646975523783893,60.94467773737165,54.445487759578725,59.90509728767246,0.5052811992202152,0.236305934679128
67,0,物流快递,2003-12-31,4,29.561632831513734,5.559496428028719,10.750711071774028,18.270992146093835,8.134312980179935,2.5748165521512156,2.471085949785108,-1.7552515708457908,1.3119590918657709,38.09113795367228,4.092083755390148,3.293086501102308,8.753434887346009,46.23285645182367,12.8834278609551,26.904183763148954,1.2648158750449423,0.8843681131522,5.437183018849849,60.09659167761126,94.40407166219092,44.052218201549366,0.45863125937911187,0.25121084210053163
68,0,物流快递,2004-12-31,6,27.483880938745656,4.0495144397704825,8.894369300127066,18.180907890436792,11.337271471178742,7.287757031408259,-2.5134700935522627,-1.151366541397286,1.575831951019365,27.892834841911675,0.34424431641303205,0.3169355831404723,10.427277020494111,18.89870442747683,2.7319419733280985,10.786192972947338,1.118638493988438,0.8011704587753679,37.99195031688096,65.32487262087795,98.08523719776939,55.92642446007711,0.3744203445882737,0.23013591893688914
69,0,环保,2003-12-31,10,19.73464976607503,2.499215982463688,8.82569273316506,10.474017889048515,7.630178539274618,5.13096255681093,0.6622869874833488,-2.186494930075441,0.6991672255750854,7.301391870856085,0.912894709513933,0.5734613039668797,17.902365785593226,3.9578901155229835,5.716546611002067,5.440348463964173,1.1047608170391365,0.9336097285509851,18.057900952437166,54.241329716639676,73.84789886129845,47.92517537820468,0.4940912935164006,0.2990927957425449
70,0,环保,2004-12-31,10,25.969632308736486,5.176427419418177,9.935076101548564,15.584362555622933,11.9762823269389,6.799854907520721,0.8767402359311033,-3.699649305611334,3.945124587151938,6.8164831424351835,0.708815180441241,0.0911177553443604,-6.260000900279785,36.51072683663507,-0.24140509193752013,-29.226900433225477,1.672405673796139,1.5011531044497928,16.378298560036036,69.24031526776989,59.49831387628949,51.332513356062066,0.950642547400091,0.29878487956032107
71,0,珠宝首饰,2003-12-31,4,7.946573622036828,0.5987675375097519,3.464934760908286,4.136067523701041,3.567436781095801,2.9686692435860493,-0.0866134922246938,-0.4502382847740858,0.46449499062909333,1.6055401325372296,-0.7319218963661533,-0.6974343342138448,-46.25249309993174,-10.690033661005474,-5.58011658801886,-23.389829503468295,2.8066502088429157,2.007223641361335,13.019819008386344,46.18443112265468,85.54141549287144,44.668131228013124,0.9422195502019823,0.5639552167263996
72,0,珠宝首饰,2004-12-31,4,6.8328349583950025,0.6435524037018683,3.003281016061595,3.6359007869210505,3.041693861633912,2.3981414579320437,-0.05466079728789088,0.11686583368214223,-0.003455228298436669,1.8521635772946685,-0.11101728520596464,-0.48657781480783757,-43.987530501829745,5.983764427350247,-4.780578684812456,-9.06990930957507,1.9199719042258334,1.1391157393357547,1.2400701442672821,50.6934823896266,87.8219143835216,46.70648190731226,0.3570527228891681,0.2973206516342005
73,0,生物医药,2003-12-31,2,33.62162293609461,10.871478350671165,14.399000877154052,18.926995784491,16.17492042238346,5.303442071712297,0.6495380661877572,-1.9759233829392202,-1.947303413036045,13.724621534845376,0.21451009768645168,0.15917740017557708,1.6373089289906653,51.14229749314987,2.539222645028911,1.1650673534595297,1.2275814422810978,1.0675705797860027,5.795084644808613,52.901100752682225,99.10007367127852,47.95151339889307,0.5149781562441824,0.49478943195213165
74,0,生物医药,2004-12-31,2,30.882747975892677,5.335478385666621,12.409795309400273,17.846629449208073,15.31225639799819,9.976778012331573,-0.07385537846712648,-0.9924086469980158,-1.2499507924843882,20.5190042946403,0.3693164035855965,0.40991213146588557,2.1649052681059997,49.46495992109575,3.3010865005570524,3.1733256771095633,1.201066349665314,0.9698897309702621,6.185738570511446,54.47436857727472,98.38032986776896,49.68926567054568,0.36330984016846135,0.2576493920515715
75,0,电子,2003-12-31,26,77.80644421716637,15.981082441779986,24.106556418605404,50.84448947207846,25.99873839554229,10.017655953762308,4.825902796985598,-10.840148765836636,7.8570841280354635,70.33714793294274,3.641240984124414,3.356169894399164,6.642584024153767,51.5200736745564,6.199067852488795,10.400457884325196,1.3845680744975901,1.0100377904702094,5.225853250033713,56.640711692176865,85.33138592940868,46.533450845422834,0.5635556518651132,0.3549648624339521
76,0,电子,2004-12-31,32,201.37700814487656,44.02767001525091,43.35835563388962,129.0343149816243,71.02847914421369,27.000809128962786,10.557714644508334,-15.841010969389913,15.976640355136414,171.56130697975743,2.8936701292407117,3.3421838719343637,3.5438920625779993,19.799545599006628,4.1316943332682925,4.0584172112664545,1.2819740270285724,0.9694528928799832,3.417009231615901,58.47365430887407,84.60336666144633,54.33360017414947,0.5428140828145473,0.3832893451812259
77,0,电气,2003-12-31,20,35.84098658800464,5.659946653379942,11.273565321875845,21.896811704967607,9.877691348112418,4.217744694732474,3.645050955582839,-1.8480109119661106,-0.9529084458065133,16.804547918345474,0.7953529846756011,0.5873163788397208,6.57321358398022,20.341301611651847,4.6928479088337145,5.374423344332399,1.3765999780690128,1.0695057492903108,2.1682695179230436,54.005137471346934,94.85054494222294,41.25513798818096,0.4424658070680049,0.34880385015604987
78,0,电气,2004-12-31,25,575.1676905736492,133.9193630827967,91.659370835391,420.90861788201477,168.2131323931806,34.29376931038386,27.403919802172886,-19.340796998401714,26.275041775119742,255.8069370857628,15.218609074778701,10.119074707776075,6.499958773179174,34.19047829952054,4.604723213799987,4.677558909910577,1.191159692119721,0.9259268364179049,4.056677019919466,69.4891376460075,88.3575382768951,59.3764405945728,0.41219584295864187,0.32433996162535406
79,0,盐业及其他,2003-12-31,1,12.827702824200001,1.4610885823,7.9712269038,4.1064759204,3.6798471113,2.218758529,0.3080320566,-0.8162300721,1.1617654652,3.4828544727999997,0.488965425,0.3240431475,14.0392,15.9501,4.8744,4.1495,1.5685,1.0499,1.2907,32.0126,100.0,31.5838,0.3577492260460887,0.3558010836108055
80,0,盐业及其他,2004-12-31,2,36.36498908187066,5.229773753623094,11.475476072493688,21.478316449679635,14.972433900516972,9.742660146893877,3.2385520796252374,-2.0839173091122865,0.6851951810045673,20.900125312696694,1.7535162805628564,1.0035997604312121,10.111747087132304,22.532614868633967,6.043306191132848,5.7796241618904185,0.9763926617553215,0.8130261489083129,0.0,58.47271480001552,78.89397797940227,55.76003112166643,0.3428919455075894,0.24377182565070288
81,0,石墨烯,2003-12-31,2,20.476824121527667,3.1173820901957265,9.312915815470493,10.921725441004963,7.699074002727016,4.58169191253129,-0.8058504970150715,-0.5750539994372262,1.951931538182953,3.8454275303524907,0.3156089735711157,0.1816551097384899,8.950415386165158,13.301861070948918,2.4840967049234495,2.281689164117417,1.949702007990696,0.7846063315057739,0.4734551198678591,53.13670469841712,83.98323645095736,45.35103971861014,0.3678229627744244,0.29438090302396075
82,0,石墨烯,2004-12-31,2,20.435268395120545,2.7507528198085174,9.508208944295934,10.700733032139116,7.012734611917571,4.2619817921090535,0.8157629856019788,-0.4540847272591073,-1.2215441799673599,7.311395660573449,0.4368083642865294,0.15229458678378072,3.7618253990623742,115.0111609645786,2.227242865334814,0.05553532979646825,1.9817368290770827,0.7603490309534291,0.7284187009523327,52.63440684429126,83.20109807635927,43.1850940814269,0.3163932725780416,0.25191392843015353
83,0,石油天然气,2003-12-31,11,4700.893456726413,223.5625926616656,2124.7261887226628,2109.1777974492416,1449.7712792570123,1226.2086865953472,917.5373696138068,-659.6699450317453,-260.81966161315063,3790.040872862731,518.779724033532,332.73452284680417,15.466617602560165,25.7031378873019,11.387882952527267,12.359113434654102,0.7453676312231279,0.4508193974744427,6.061504001884543,45.33862011050381,70.06363142007068,42.09158618308271,0.2584544820067979,0.10394535027705631
84,0,石油天然气,2004-12-31,13,5296.855122250236,222.4830387123423,2463.8257295835692,2380.3807925691117,1595.7245005922773,1373.241461879935,979.3657213967011,-926.2276688161876,-45.268644912487865,5095.176952139482,830.1522181648639,521.5139202705464,18.68879951722213,34.892338706297444,16.116785907752416,17.230523430365736,0.8462126582232569,0.4698568505210134,6.924586031575514,45.166744650604095,68.06390015255614,40.14458271432869,0.19103311478298637,0.09815459214374601
85,0,租赁,2003-12-31,1,14.349548533800002,0.6652546408,3.5432073060000002,9.3640659194,7.4291016297,6.7638469889,-0.0712764961,-1.6171235674000002,1.548651262,3.3945849626999998,-0.6973106855,-0.9824428255,-20.5419,31.8484,-5.4912,-21.2723,0.6612,0.6094,7.3245,65.2569,73.6824,67.7077,0.098422315432429,0.07104335301845312
86,0,租赁,2004-12-31,1,9.9169320586,0.6658077195000001,3.7421946299,5.2709595566,4.355379678399999,3.6895719589,0.6329222195,0.21306721260000003,-0.8454363534,3.4853136427,0.1312829496,0.1053018552,3.7667,2.6727,4.1226,2.6006,0.9848,0.9144,6.8812,53.1511,89.1108,53.7862,0.14526019003141882,0.12631622617295798
87,0,稀土材料,2003-12-31,1,5.6838564687,3.0842236613,3.2661838675,2.3349248301,1.8994242824,-1.1847993789,0.1139397273,-0.5547867670000001,3.0569082272,3.6286786643,0.33626240890000003,0.2864922463,9.2668,13.3143,10.3288,13.3574,2.1467,1.9318,7.8984,41.0799,97.7986,36.7706,1.3664067148170047,1.3209091879706933
88,0,稀土材料,2004-12-31,1,7.2278000426,2.7191318882999997,3.5202957765,3.3758400639999997,2.8441967415,0.1250648532,-0.1577691093,-0.6923660151000001,0.4850433514,6.1963271227,0.471962462,0.3762059529,7.6168,70.7599,8.4915,10.6702,1.7161,1.4542,7.6767,46.7063,98.0183,44.6885,0.8345107507980194,0.8054682202799996
89,0,纺织服装,2003-12-31,17,80.74672385524624,10.629641016184468,31.821443664403187,44.20956217617916,33.72596436790503,23.096323351720557,1.6995988073553612,-15.226810250516355,17.407350152315328,50.21720643717586,3.772191323221656,2.618271720254726,8.731278515801392,33.59654484161497,6.765466179840718,8.655670275218682,1.3859403539250792,0.8587559934238892,3.0530866014954032,52.10199989591615,78.48849466067726,48.834895823962434,0.3317041452465926,0.2378721657781999
90,0,纺织服装,2004-12-31,18,55.28938413517248,9.128585867039225,23.769546092039786,26.73233054675495,22.328322272732404,13.199736405693182,6.55489749159819,-7.906104347858637,4.536012560020962,26.13427472573404,1.7181130072997641,1.2229529923522897,7.458063593981075,20.56245853162128,5.441403596239701,5.6956806030351945,1.439047370521654,0.9335052228320109,2.628678181139383,49.45176272096293,86.25531445324438,47.12671606569912,0.49293491960293195,0.40633770203328384
91,0,航空航天,2003-12-31,10,546.0412895612169,120.83320662644171,139.78584158349707,378.3543331206982,131.17396472267342,10.34075809623163,36.403046084701124,-30.188462873796052,5.639488468773473,178.25360317613638,10.516989594324928,10.45544099037927,5.857680758548179,8.980752753976086,2.7456550405229376,5.881071819227294,1.880975429017344,1.473684311833248,0.7974546100588711,67.51234528704414,53.46962663386387,50.02288578741109,0.7587668961007688,0.3131981028793201
92,0,航空航天,2004-12-31,11,559.3852733157551,107.11247532868038,126.04267061291105,403.1748520314536,135.5598132879608,29.12187759328908,14.05790427986857,-34.59890948415856,5.019855062295183,211.3874125901319,10.646423767530646,10.566477010671584,4.975204675563558,10.67440825425483,2.447406395132213,5.573922209025757,1.8696032048337106,1.4218165410436077,2.316429358066371,69.05616479672004,53.81769509648224,52.25256618366938,0.7719496344464244,0.29462078463894686
93,0,证券,2003-12-31,8,15.320723088119532,2.462067579783443,8.843037594860707,6.156485180078546,4.2156131782778274,1.7535455984943846,1.4713695885897766,-1.0504679384826148,0.2748626327649702,20.94436803468281,0.3319792725965244,0.1838110020377563,-8.104033420009383,6.024838125551068,2.0142985731611622,0.6189264153049286,1.3049538812419188,1.074398588426341,9.617048078708466,41.05993845980473,93.85506220796333,34.514641014965555,0.506472311827626,0.38025538488346244
94,0,证券,2004-12-31,8,16.54591412407474,3.4111258442982404,9.10823842757155,7.044469261531326,4.0957432209380515,0.6846173766398103,1.7546774125154585,-0.1924710479703741,-0.6048419775773921,32.423838809728046,0.3487520492298548,0.14543457314584912,-12.55441486606301,19.67319811315911,3.1479204799950944,0.17686269597996374,1.446145029361837,1.1384253329823681,9.964419597756137,41.328645430440595,94.14804043350298,33.14413486634108,0.7091414220987744,0.4492742044218553
95,0,贸易,2003-12-31,15,264.4595347144248,26.482576247587083,50.36898802919135,202.81991612367702,100.70663113845352,74.22405489086644,-3.4155780475267474,-7.668475082336512,14.894873417563812,638.1763249424774,2.2529947057205093,4.876861445249568,1.3601267543039395,32.67853373223116,2.966327116326284,6.379851008840244,1.170693004284172,0.8872811841652641,14.147420375078761,76.22507329279442,85.66967805874123,65.6996095603818,0.23000789680969672,0.16042946312423015
96,0,贸易,2004-12-31,17,266.6357527481123,29.88327986106547,45.01737873867837,208.62510987222933,98.84774307700286,68.96446321593739,16.896063295398303,-24.12660921211857,13.057612637987067,714.6050603591655,5.226693686200306,9.654328038449533,1.3168056399614472,30.517610312645928,4.893912647383258,14.753093950983724,1.188130137105837,0.8475360364546926,13.598415637759384,77.50404274281645,80.11653127128429,68.00668190202661,0.2840302561522295,0.17461204985540596
97,0,轨道交通,2003-12-31,2,230.88116791571326,25.09060305463084,80.90737276131925,137.91995141819632,63.64363741292969,38.55303435829886,-2.393505128693297,-9.910583832375659,9.720455160905452,135.45718345514467,0.7591385066857562,0.3067079117578736,0.562776478423818,1.4870837908551853,0.8394005901274209,-0.16678535449189805,1.013810526351861,0.65976284475854,2.7108265322625273,59.7874242435378,91.07942651397362,44.31491126249024,0.2259443119129454,0.18048353537268866
98,0,轨道交通,2004-12-31,2,244.54360643369012,27.006493069948938,69.91944338142365,159.26699860078645,72.18690563703132,45.180412567082385,11.349337669965745,-13.128546340899934,3.792095606660453,164.32802623629675,1.6898076619893563,1.0515200909796039,1.0275956757837696,20.1744784980693,1.2453477760254714,0.758805895480227,0.9176002871824702,0.5455648319052175,2.9291076020958697,65.15027678927757,92.23827094027263,50.78699701606129,0.20190411858170187,0.1694464347132068
99,0,软件开发,2003-12-31,6,163.15078049244238,45.12473433959353,32.18075118094785,101.33621698156189,80.4596972556675,35.334962916073984,6.200884127965929,-1.5580933989149193,16.594058417832237,123.00692305465958,5.561497509307569,5.116307873139009,5.241722041781819,83.52835783305622,7.167506633109857,10.761142866193154,1.6471100114810637,1.4500957598014967,10.532938268670673,57.12169413390412,82.62493959406012,62.96930157617703,0.9184726289140708,0.7354982177485071
100,0,软件开发,2004-12-31,9,172.64069212662886,35.241581499739716,35.32975854555071,108.16299337058233,80.13148154316549,44.889900043425776,4.5187830802058935,-6.609590176449471,-2.439759282745013,165.4442435822387,5.432776577352591,5.723451319066713,4.156550966800068,32.11037793753489,6.998288041935007,10.152840434546786,1.4532300882879583,1.234355638318281,10.836842567005887,57.33573813220489,84.32283962115275,60.567901674074974,0.7166438399968224,0.5552394040218183
101,0,通信,2003-12-31,8,2161.764653931608,101.61889523643416,1012.7704996134062,1141.6667627780168,600.8257433118484,499.20684807541426,261.9538908887349,-259.6127545891261,-37.979390123598115,608.231085334925,152.89054708150485,118.52165438159635,22.77439828384843,26.803524351992095,8.816748988517157,12.530798989326215,0.6736226784496511,0.6354010847745548,20.07800410962054,53.3112584214774,53.122162153532784,40.74982737628433,0.3285128119480158,0.16531930602178313
102,0,通信,2004-12-31,8,2798.8777229518423,139.14727786596177,1095.1028384591584,1649.9658451455712,1028.7420881542523,889.5948102882904,420.43942642191155,-368.6655354673323,-51.801539652177716,965.0120244181156,170.43255634799635,136.69049696195083,17.410749457634825,246.68265726240145,8.564765412097538,14.182832646177353,0.4516324454346701,0.4245322157048682,25.112110219351113,58.30845801779821,64.53340632535254,49.15539767720483,0.22657948870575886,0.12952570634505245
103,0,造纸印刷,2003-12-31,11,56.19616756422632,4.973556246465164,22.512294056444517,28.987604278995146,23.762695804784883,18.789139558319718,2.724985249600703,-9.559792113922128,7.548129143352501,29.657296223573816,3.703048503556257,3.213661971256176,11.684031154541696,26.586585539115816,7.404662233912302,11.044235910348696,1.0844808044728758,0.7329354901654268,5.239977072224638,53.474532685174495,67.63910831921281,52.3429235947607,0.3574903556715328,0.17258788857455623
104,0,造纸印刷,2004-12-31,13,109.4621808971414,7.704144346886489,34.38022177472297,69.57922597399897,58.365313743606016,50.66116939671954,5.870462575555182,-21.50266160229566,18.53889085010504,45.16445385757311,4.719352807745992,4.329607509184822,9.583266790448711,21.988562867381763,7.0692257087140025,12.125786097011801,0.9173629644728675,0.6709735315535961,2.83043590790638,62.218633082622546,62.91509891170026,61.03590797241233,0.34545549513859425,0.1424633451706797
105,0,酒店餐饮,2003-12-31,2,9.624955160152194,1.8623806739470867,5.551983084651028,3.8178100548727576,2.995316208403267,1.1329355344561804,0.7118969019056132,-0.5308809044902003,0.3440124789147887,3.511391513132502,0.4493850216308578,0.22154219965105265,12.246038650397724,15.137040785972156,4.536729384983767,2.9732670589794408,0.9654202521901574,0.8824012917927293,10.524213240289233,37.31189878155235,72.2129640548861,29.197813109338277,0.6820630921338271,0.4622515805140597
106,0,酒店餐饮,2004-12-31,2,11.794919404614866,1.4265105250497419,4.6072383838840985,7.009120669977886,6.138419091036173,4.711908565986432,0.7706303231508311,-1.2288620098372889,-0.07662492878242788,4.207925142380631,0.5378063316338142,0.33148024254224606,12.864148042958861,19.483867995831748,6.734387251829797,6.12066623404094,0.9001945530665413,0.8438992267030321,10.395227539024654,54.02144702060631,79.77340666637971,47.64208459774039,0.38921688216817696,0.21144472463714858
107,0,钢铁,2003-12-31,38,619.0463061467733,45.8465724185027,314.869298765101,253.95782964220083,119.049220348896,73.20264793039331,67.27401909710423,-50.36901004619446,-5.672000177498247,438.7107726718973,51.75274269685552,36.07052683400568,11.137105381411436,48.574925895443634,9.449638375789641,11.534955948027964,1.1950951501768212,0.8183154596974958,5.60680645933029,48.7283624231536,70.47864291785606,37.933487707746686,0.5714584256920856,0.21783134006375038
108,0,钢铁,2004-12-31,43,644.0073886225412,63.22750286935522,311.3234323961888,288.1530415179849,144.79197935621198,81.35483111017082,70.04571993718798,-61.76288197701364,11.116876067156303,549.4171095287353,64.32908528006985,46.906306744055016,9.586060224542823,47.681940971089595,10.697892489798477,15.350634434372559,1.172323810041026,0.748305056044416,6.287004660173778,53.21241408715521,74.22976658841101,43.93590278244168,0.5209008557766703,0.24637495952178992
109,0,集成电路,2003-12-31,2,56.03457811534926,5.870724296243253,16.786369069923712,38.90721364832003,32.078656442865785,26.207932146622536,-1.5104651049977735,-0.4649423735308428,1.8208711385272263,17.173274156000033,-2.0195285804122816,-1.7268841192411226,-10.928680979867645,-14.593991633217627,-0.010895420949064427,-9.369415915122314,1.3138204582243382,0.9127245786444604,0.9783280201459031,68.84199221388708,93.96894009426398,64.89832165417066,0.18317972253985254,0.15201541462441928
110,0,集成电路,2004-12-31,3,54.13162607668505,4.831770014322091,15.836303966916494,37.82056478600015,28.861178352192795,24.029408337870702,4.194772185370172,-0.35479282281877084,-4.60059192091693,24.34066314053421,0.1357658755077265,-0.021290122215379643,1.4783951426816246,45.64677274964128,4.06200435701499,0.5895669278265405,1.3891255691165543,0.9257589477323998,1.9002764004114776,68.64285815856894,85.18335337737025,62.984134700679085,0.16029018012771795,0.13073282991009805
111,0,零售,2003-12-31,26,42.85894211492734,5.593530314459944,10.945802875869973,29.516608250568513,21.044139149916273,15.450608835456327,1.3206834474291926,-2.4868903630179204,1.7804297220231124,47.94772868522744,0.5531645514718687,0.832734844355816,2.0858705718668817,28.99855326928386,3.9342967891593266,4.914693069918965,0.9111497796328419,0.6083045840698953,8.099164775263908,61.82138542875206,92.87963091519163,57.35626643801713,0.30133637447435213,0.2602289274487338
112,0,零售,2004-12-31,27,105.79363090945473,14.523774077513439,18.98810523009658,67.41364583921917,47.3190214852417,32.79524740772827,5.996911824228243,-5.815054837740723,1.258219102163698,156.61038500630292,3.1001480735571447,2.406115722217334,2.4619287221947297,11.29014672351733,4.084065278583344,4.13598518246291,0.8743698877278807,0.5983518308561718,5.891993266537671,61.46623532082469,92.41315022038346,61.56208198729743,0.2922752440891013,0.2553523427794196
113,0,食品,2003-12-31,11,364.87277018116794,44.54608536948616,112.45276911385761,213.31613723796514,139.74046069656336,95.1943753270772,18.228054728815945,-14.942751873761363,-4.186954311958701,278.13438001367257,10.142216517034699,8.075285164875737,4.698550844200751,42.345742799872646,4.102837474259809,7.276139015231182,1.2352764228773465,0.9566218057025903,7.073857489304446,57.29302941370266,77.8988811407327,54.08209587996012,0.39279520109687943,0.23557708698323632
114,0,食品,2004-12-31,11,514.160048842439,104.03150211739914,131.5473093795632,339.15430653006666,256.69243765438955,152.66093553699037,-48.6389100115378,-5.4541539814068205,109.98664153919692,382.98989594760445,10.622045238136971,11.291763162057194,4.053257719345045,28.466129183622904,4.02186778385683,7.533614037994095,1.2829160879354922,0.7739075581290857,3.589472640542694,63.71768297771073,80.9855482562742,63.468240638742564,0.4527177974131357,0.31449011849122593
